clear sky,267.8,261.18,266.48,269.15,1020,46,4.63,1613057268,1613093148,Vancouver,2021-02-12 07:34:34
clear sky,267.8,261.18,266.48,269.15,1020,46,4.63,1613057268,1613093148,Vancouver,2021-02-12 07:34:55
clear sky,267.8,261.18,266.48,269.15,1020,46,4.63,1613057268,1613093148,Vancouver,2021-02-12 07:35:15
clear sky,267.8,261.18,266.48,269.15,1020,46,4.63,1613057268,1613093148,Vancouver,2021-02-12 07:35:36
clear sky,267.8,261.18,266.48,269.15,1020,46,4.63,1613057268,1613093148,Vancouver,2021-02-12 07:35:57
clear sky,267.8,261.18,266.48,269.15,1020,46,4.63,1613057268,1613093148,Vancouver,2021-02-12 07:36:17
clear sky,267.8,261.18,266.48,269.15,1020,46,4.63,1613057268,1613093148,Vancouver,2021-02-12 07:36:38
clear sky,268.02,261.41,266.48,269.82,1020,46,4.63,1613057268,1613093148,Vancouver,2021-02-12 07:36:58
clear sky,268.02,261.41,266.48,269.82,1020,46,4.63,1613057268,1613093148,Vancouver,2021-02-12 07:37:19
clear sky,268.02,261.41,266.48,269.82,1020,46,4.63,1613057268,1613093148,Vancouver,2021-02-12 07:38:20
clear sky,268.02,261.41,266.48,269.82,1020,46,4.63,1613057268,1613093148,Vancouver,2021-02-12 07:38:40
clear sky,268.02,261.41,266.48,269.82,1020,46,4.63,1613057268,1613093148,Vancouver,2021-02-12 07:39:00
clear sky,268.02,261.41,266.48,269.82,1020,46,4.63,1613057268,1613093148,Vancouver,2021-02-12 07:39:21
clear sky,268.02,261.41,266.48,269.82,1020,46,4.63,1613057268,1613093148,Vancouver,2021-02-12 07:39:41
clear sky,268.02,261.41,266.48,269.82,1020,46,4.63,1613057268,1613093148,Vancouver,2021-02-12 07:40:02
clear sky,268.02,261.41,266.48,269.82,1020,46,4.63,1613057268,1613093148,Vancouver,2021-02-12 07:40:23
clear sky,268.02,261.41,266.48,269.82,1020,46,4.63,1613057268,1613093148,Vancouver,2021-02-12 07:40:44
clear sky,268.02,261.41,266.48,269.82,1020,46,4.63,1613057268,1613093148,Vancouver,2021-02-12 07:41:04
clear sky,268.02,261.41,266.48,269.82,1020,46,4.63,1613057268,1613093148,Vancouver,2021-02-12 07:41:24
clear sky,268.02,261.41,266.48,269.82,1020,46,4.63,1613057268,1613093148,Vancouver,2021-02-12 07:41:45
clear sky,268.02,261.41,266.48,269.82,1020,46,4.63,1613057268,1613093148,Vancouver,2021-02-12 07:42:05
clear sky,268.02,261.41,266.48,269.82,1020,46,4.63,1613057268,1613093148,Vancouver,2021-02-12 07:42:25
clear sky,268.02,261.41,266.48,269.82,1020,46,4.63,1613057268,1613093148,Vancouver,2021-02-12 07:42:46
clear sky,268.03,261.42,266.48,269.82,1020,46,4.63,1613057268,1613093148,Vancouver,2021-02-12 07:43:06
clear sky,268.03,261.42,266.48,269.82,1020,46,4.63,1613057268,1613093148,Vancouver,2021-02-12 07:43:27
clear sky,268.03,261.42,266.48,269.82,1020,46,4.63,1613057268,1613093148,Vancouver,2021-02-12 07:43:47
clear sky,268.03,261.42,266.48,269.82,1020,46,4.63,1613057268,1613093148,Vancouver,2021-02-12 07:44:08
clear sky,268.03,261.42,266.48,269.82,1020,46,4.63,1613057268,1613093148,Vancouver,2021-02-12 07:44:28
clear sky,268.03,261.42,266.48,269.82,1020,46,4.63,1613057268,1613093148,Vancouver,2021-02-12 07:44:48
clear sky,268.03,261.42,266.48,269.82,1020,46,4.63,1613057268,1613093148,Vancouver,2021-02-12 07:45:09
clear sky,268.03,261.42,266.48,269.82,1020,46,4.63,1613057268,1613093148,Vancouver,2021-02-12 07:45:29
clear sky,268.03,261.42,266.48,269.82,1020,46,4.63,1613057268,1613093148,Vancouver,2021-02-12 07:45:49
clear sky,268.03,261.42,266.48,269.82,1020,46,4.63,1613057268,1613093148,Vancouver,2021-02-12 07:46:10
clear sky,268.03,261.42,266.48,269.82,1020,46,4.63,1613057268,1613093148,Vancouver,2021-02-12 07:46:30
clear sky,268.03,261.42,266.48,269.82,1020,46,4.63,1613057268,1613093148,Vancouver,2021-02-12 07:46:51
clear sky,268.03,261.42,266.48,269.82,1020,46,4.63,1613057268,1613093148,Vancouver,2021-02-12 07:47:11
clear sky,268.03,261.42,266.48,269.82,1020,46,4.63,1613057268,1613093148,Vancouver,2021-02-12 07:47:31
clear sky,268.03,261.42,266.48,269.82,1020,46,4.63,1613057268,1613093148,Vancouver,2021-02-12 07:47:52
clear sky,268.03,261.42,266.48,269.82,1020,46,4.63,1613057268,1613093148,Vancouver,2021-02-12 07:48:12
clear sky,268.03,261.42,266.48,269.82,1020,46,4.63,1613057268,1613093148,Vancouver,2021-02-12 07:48:32
clear sky,268.03,261.42,266.48,269.82,1020,46,4.63,1613057268,1613093148,Vancouver,2021-02-12 07:48:53
clear sky,268.03,261.42,266.48,269.82,1020,46,4.63,1613057268,1613093148,Vancouver,2021-02-12 07:49:14
clear sky,268.03,261.42,266.48,269.82,1020,46,4.63,1613057268,1613093148,Vancouver,2021-02-12 07:49:35
clear sky,268.03,261.42,266.48,269.82,1020,46,4.63,1613057268,1613093148,Vancouver,2021-02-12 07:49:55
clear sky,268.03,261.42,266.48,269.82,1020,46,4.63,1613057268,1613093148,Vancouver,2021-02-12 07:50:16
clear sky,268.03,261.42,266.48,269.82,1020,46,4.63,1613057268,1613093148,Vancouver,2021-02-12 07:50:36
clear sky,268.03,261.42,266.48,269.82,1020,46,4.63,1613057268,1613093148,Vancouver,2021-02-12 07:50:56
clear sky,268.03,261.42,266.48,269.82,1020,46,4.63,1613057268,1613093148,Vancouver,2021-02-12 07:51:17
clear sky,268.03,261.42,266.48,269.82,1020,46,4.63,1613057268,1613093148,Vancouver,2021-02-12 07:51:37
clear sky,268.03,261.42,266.48,269.82,1020,46,4.63,1613057268,1613093148,Vancouver,2021-02-12 07:51:57
clear sky,268.03,261.42,266.48,269.82,1020,46,4.63,1613057268,1613093148,Vancouver,2021-02-12 07:52:18
clear sky,268.03,261.42,266.48,269.82,1020,46,4.63,1613057268,1613093148,Vancouver,2021-02-12 07:52:38
clear sky,268.03,261.42,266.48,269.82,1020,46,4.63,1613057268,1613093148,Vancouver,2021-02-12 07:52:59
clear sky,267.93,261.32,266.48,269.82,1020,46,4.63,1613057268,1613093148,Vancouver,2021-02-12 07:53:19
clear sky,267.93,261.32,266.48,269.82,1020,46,4.63,1613057268,1613093148,Vancouver,2021-02-12 07:53:39
clear sky,267.93,261.32,266.48,269.82,1020,46,4.63,1613057268,1613093148,Vancouver,2021-02-12 07:54:00
clear sky,267.93,261.32,266.48,269.82,1020,46,4.63,1613057268,1613093148,Vancouver,2021-02-12 07:54:20
clear sky,267.93,261.32,266.48,269.82,1020,46,4.63,1613057268,1613093148,Vancouver,2021-02-12 07:54:41
clear sky,267.93,261.32,266.48,269.82,1020,46,4.63,1613057268,1613093148,Vancouver,2021-02-12 07:55:01
clear sky,267.93,261.32,266.48,269.82,1020,46,4.63,1613057268,1613093148,Vancouver,2021-02-12 07:55:21
clear sky,267.93,261.32,266.48,269.82,1020,46,4.63,1613057268,1613093148,Vancouver,2021-02-12 07:55:42
clear sky,267.93,261.32,266.48,269.82,1020,46,4.63,1613057268,1613093148,Vancouver,2021-02-12 07:56:22
clear sky,267.93,261.32,266.48,269.82,1020,46,4.63,1613057268,1613093148,Vancouver,2021-02-12 07:56:43
clear sky,267.93,261.32,266.48,269.82,1020,46,4.63,1613057268,1613093148,Vancouver,2021-02-12 07:57:03
clear sky,267.93,261.32,266.48,269.82,1020,46,4.63,1613057268,1613093148,Vancouver,2021-02-12 07:57:24
clear sky,267.93,261.32,266.48,269.82,1020,46,4.63,1613057268,1613093148,Vancouver,2021-02-12 07:57:44
clear sky,267.93,261.32,266.48,269.82,1020,46,4.63,1613057268,1613093148,Vancouver,2021-02-12 07:58:04
clear sky,267.93,261.32,266.48,269.82,1020,46,4.63,1613057268,1613093148,Vancouver,2021-02-12 07:58:25
clear sky,267.93,261.32,266.48,269.82,1020,46,4.63,1613057268,1613093148,Vancouver,2021-02-12 07:58:45
clear sky,267.93,261.32,266.48,269.82,1020,46,4.63,1613057268,1613093148,Vancouver,2021-02-12 07:59:26
clear sky,267.93,261.32,266.48,269.82,1020,46,4.63,1613057268,1613093148,Vancouver,2021-02-12 07:59:46
clear sky,267.93,261.32,266.48,269.82,1020,46,4.63,1613057268,1613093148,Vancouver,2021-02-12 08:00:06
clear sky,267.93,261.32,266.48,269.82,1020,46,4.63,1613057268,1613093148,Vancouver,2021-02-12 08:00:27
clear sky,267.93,261.32,266.48,269.82,1020,46,4.63,1613057268,1613093148,Vancouver,2021-02-12 08:00:47
clear sky,267.93,261.32,266.48,269.82,1020,46,4.63,1613057268,1613093148,Vancouver,2021-02-12 08:01:08
clear sky,267.93,261.32,266.48,269.82,1020,46,4.63,1613057268,1613093148,Vancouver,2021-02-12 08:01:28
clear sky,267.93,261.32,266.48,269.82,1020,46,4.63,1613057268,1613093148,Vancouver,2021-02-12 08:01:49
clear sky,267.93,261.32,266.48,269.82,1020,46,4.63,1613057268,1613093148,Vancouver,2021-02-12 08:02:10
clear sky,267.93,261.32,266.48,269.82,1020,46,4.63,1613057268,1613093148,Vancouver,2021-02-12 08:02:30
clear sky,267.93,261.32,266.48,269.82,1020,46,4.63,1613057268,1613093148,Vancouver,2021-02-12 08:02:51
clear sky,267.93,261.32,266.48,269.82,1020,46,4.63,1613057268,1613093148,Vancouver,2021-02-12 08:03:11
clear sky,267.95,261.34,266.48,269.82,1020,46,4.63,1613143567,1613179649,Vancouver,2021-02-12 08:03:31
clear sky,267.95,261.34,266.48,269.82,1020,46,4.63,1613143567,1613179649,Vancouver,2021-02-12 08:03:52
clear sky,267.95,261.34,266.48,269.82,1020,46,4.63,1613143567,1613179649,Vancouver,2021-02-12 08:04:12
clear sky,267.95,261.34,266.48,269.82,1020,46,4.63,1613143567,1613179649,Vancouver,2021-02-12 08:04:32
clear sky,267.95,261.34,266.48,269.82,1020,46,4.63,1613143567,1613179649,Vancouver,2021-02-12 08:04:53
clear sky,267.95,261.34,266.48,269.82,1020,46,4.63,1613143567,1613179649,Vancouver,2021-02-12 08:05:13
clear sky,267.95,261.34,266.48,269.82,1020,46,4.63,1613143567,1613179649,Vancouver,2021-02-12 08:05:34
clear sky,267.95,261.34,266.48,269.82,1020,46,4.63,1613143567,1613179649,Vancouver,2021-02-12 08:05:54
clear sky,267.95,261.34,266.48,269.82,1020,46,4.63,1613143567,1613179649,Vancouver,2021-02-12 08:06:14
clear sky,267.95,261.34,266.48,269.82,1020,46,4.63,1613143567,1613179649,Vancouver,2021-02-12 08:06:36
clear sky,267.95,261.34,266.48,269.82,1020,46,4.63,1613143567,1613179649,Vancouver,2021-02-12 08:06:56
clear sky,267.95,261.34,266.48,269.82,1020,46,4.63,1613143567,1613179649,Vancouver,2021-02-12 08:07:17
clear sky,267.95,261.34,266.48,269.82,1020,46,4.63,1613143567,1613179649,Vancouver,2021-02-12 08:07:37
clear sky,267.95,261.34,266.48,269.82,1020,46,4.63,1613143567,1613179649,Vancouver,2021-02-12 08:07:57
clear sky,267.95,261.34,266.48,269.82,1020,46,4.63,1613143567,1613179649,Vancouver,2021-02-12 08:10:41
clear sky,267.95,261.34,266.48,269.82,1020,46,4.63,1613143567,1613179649,Vancouver,2021-02-12 08:11:01
clear sky,267.95,261.34,266.48,269.82,1020,46,4.63,1613143567,1613179649,Vancouver,2021-02-12 08:11:21
clear sky,267.95,261.34,266.48,269.82,1020,46,4.63,1613143567,1613179649,Vancouver,2021-02-12 08:11:42
clear sky,267.95,261.34,266.48,269.82,1020,46,4.63,1613143567,1613179649,Vancouver,2021-02-12 08:12:02
clear sky,267.95,261.34,266.48,269.82,1020,46,4.63,1613143567,1613179649,Vancouver,2021-02-12 08:12:23
clear sky,267.95,261.34,266.48,269.82,1020,46,4.63,1613143567,1613179649,Vancouver,2021-02-12 08:12:43
clear sky,267.95,261.34,266.48,269.82,1020,46,4.63,1613143567,1613179649,Vancouver,2021-02-12 08:13:04
clear sky,267.95,261.34,266.48,269.82,1020,46,4.63,1613143567,1613179649,Vancouver,2021-02-12 08:13:24
clear sky,268.08,261.48,267.04,269.82,1020,46,4.63,1613143567,1613179649,Vancouver,2021-02-12 08:13:44
clear sky,268.08,261.48,267.04,269.82,1020,46,4.63,1613143567,1613179649,Vancouver,2021-02-12 08:14:05
clear sky,268.08,261.48,267.04,269.82,1020,46,4.63,1613143567,1613179649,Vancouver,2021-02-12 08:14:25
clear sky,268.08,261.48,267.04,269.82,1020,46,4.63,1613143567,1613179649,Vancouver,2021-02-12 08:14:46
clear sky,268.08,261.48,267.04,269.82,1020,46,4.63,1613143567,1613179649,Vancouver,2021-02-12 08:15:06
clear sky,268.08,261.48,267.04,269.82,1020,46,4.63,1613143567,1613179649,Vancouver,2021-02-12 08:15:26
clear sky,268.08,261.48,267.04,269.82,1020,46,4.63,1613143567,1613179649,Vancouver,2021-02-12 08:15:47
clear sky,268.08,261.48,267.04,269.82,1020,46,4.63,1613143567,1613179649,Vancouver,2021-02-12 08:16:07
clear sky,268.08,261.48,267.04,269.82,1020,46,4.63,1613143567,1613179649,Vancouver,2021-02-12 08:16:28
clear sky,268.08,261.48,267.04,269.82,1020,46,4.63,1613143567,1613179649,Vancouver,2021-02-12 08:16:48
clear sky,268.08,261.48,267.04,269.82,1020,46,4.63,1613143567,1613179649,Vancouver,2021-02-12 08:17:29
clear sky,268.08,261.48,267.04,269.82,1020,46,4.63,1613143567,1613179649,Vancouver,2021-02-12 08:17:49
clear sky,267.62,260.99,265.93,269.26,1020,46,4.63,1613143567,1613179649,Vancouver,2021-02-12 09:05:49
clear sky,267.62,260.99,265.93,269.26,1020,46,4.63,1613143567,1613179649,Vancouver,2021-02-12 09:06:10
clear sky,267.62,260.99,265.93,269.26,1020,46,4.63,1613143567,1613179649,Vancouver,2021-02-12 09:06:42
clear sky,267.62,260.99,265.93,269.26,1020,46,4.63,1613143567,1613179649,Vancouver,2021-02-12 09:07:03
clear sky,267.62,260.99,265.93,269.26,1020,46,4.63,1613143567,1613179649,Vancouver,2021-02-12 09:09:50
clear sky,267.62,260.99,265.93,269.26,1020,46,4.63,1613143567,1613179649,Vancouver,2021-02-12 09:10:10
clear sky,267.36,260.72,265.93,268.71,1020.0,46.0,4.63,1613143567,1613179649,Vancouver,2021-02-12 09:33:36
clear sky,267.36,260.72,265.93,268.71,1020.0,46.0,4.63,1613143567,1613179649,Vancouver,2021-02-12 09:33:56
clear sky,267.36,260.72,265.93,268.71,1020.0,46.0,4.63,1613143567,1613179649,Vancouver,2021-02-12 09:34:17
clear sky,267.36,260.72,265.93,268.71,1020.0,46.0,4.63,1613143567,1613179649,Vancouver,2021-02-12 09:34:37
clear sky,267.36,260.72,265.93,268.71,1020.0,46.0,4.63,1613143567,1613179649,Vancouver,2021-02-12 09:34:58
clear sky,267.36,260.72,265.93,268.71,1020.0,46.0,4.63,1613143567,1613179649,Vancouver,2021-02-12 09:35:18
clear sky,267.36,260.72,265.93,268.71,1020.0,46.0,4.63,1613143567,1613179649,Vancouver,2021-02-12 09:35:39
clear sky,267.36,260.72,265.93,268.71,1020.0,46.0,4.63,1613143567,1613179649,Vancouver,2021-02-12 09:35:59
clear sky,267.36,260.72,265.93,268.71,1020.0,46.0,4.63,1613143567,1613179649,Vancouver,2021-02-12 09:36:19
clear sky,267.36,260.72,265.93,268.71,1020.0,46.0,4.63,1613143567,1613179649,Vancouver,2021-02-12 09:36:40
clear sky,267.36,260.72,265.93,268.71,1020.0,46.0,4.63,1613143567,1613179649,Vancouver,2021-02-12 09:37:00
clear sky,267.36,260.72,265.93,268.71,1020.0,46.0,4.63,1613143567,1613179649,Vancouver,2021-02-12 09:37:20
clear sky,267.36,260.72,265.93,268.71,1020.0,46.0,4.63,1613143567,1613179649,Vancouver,2021-02-12 09:37:41
clear sky,267.36,260.72,265.93,268.71,1020.0,46.0,4.63,1613143567,1613179649,Vancouver,2021-02-12 09:38:01
clear sky,267.36,260.72,265.93,268.71,1020.0,46.0,4.63,1613143567,1613179649,Vancouver,2021-02-12 09:38:22
clear sky,267.36,260.72,265.93,268.71,1020.0,46.0,4.63,1613143567,1613179649,Vancouver,2021-02-12 09:38:42
clear sky,267.36,260.72,265.93,268.71,1020.0,46.0,4.63,1613143567,1613179649,Vancouver,2021-02-12 09:39:03
clear sky,267.36,260.72,265.93,268.71,1020.0,46.0,4.63,1613143567,1613179649,Vancouver,2021-02-12 09:39:23
clear sky,267.36,260.72,265.93,268.71,1020.0,46.0,4.63,1613143567,1613179649,Vancouver,2021-02-12 09:39:43
clear sky,267.36,260.72,265.93,268.71,1020.0,46.0,4.63,1613143567,1613179649,Vancouver,2021-02-12 09:40:04
clear sky,267.36,260.72,265.93,268.71,1020.0,46.0,4.63,1613143567,1613179649,Vancouver,2021-02-12 09:40:24
clear sky,267.36,260.72,265.93,268.71,1020.0,46.0,4.63,1613143567,1613179649,Vancouver,2021-02-12 09:40:44
clear sky,267.36,260.72,265.93,268.71,1020.0,46.0,4.63,1613143567,1613179649,Vancouver,2021-02-12 09:41:05
clear sky,267.36,260.72,265.93,268.71,1020.0,46.0,4.63,1613143567,1613179649,Vancouver,2021-02-12 09:41:25
clear sky,267.36,260.72,265.93,268.71,1020.0,46.0,4.63,1613143567,1613179649,Vancouver,2021-02-12 09:41:46
clear sky,267.36,260.72,265.93,268.71,1020.0,46.0,4.63,1613143567,1613179649,Vancouver,2021-02-12 09:42:06
clear sky,267.36,260.72,265.93,268.71,1020.0,46.0,4.63,1613143567,1613179649,Vancouver,2021-02-12 09:42:26
clear sky,267.36,260.72,265.93,268.71,1020.0,46.0,4.63,1613143567,1613179649,Vancouver,2021-02-12 09:42:47
clear sky,267.46,260.83,266.48,268.15,1020.0,46.0,4.63,1613143567,1613179649,Vancouver,2021-02-12 09:43:07
clear sky,267.46,260.83,266.48,268.15,1020.0,46.0,4.63,1613143567,1613179649,Vancouver,2021-02-12 09:43:28
clear sky,267.46,260.83,266.48,268.15,1020.0,46.0,4.63,1613143567,1613179649,Vancouver,2021-02-12 09:43:48
clear sky,267.46,260.83,266.48,268.15,1020.0,46.0,4.63,1613143567,1613179649,Vancouver,2021-02-12 09:44:08
clear sky,267.46,260.83,266.48,268.15,1020.0,46.0,4.63,1613143567,1613179649,Vancouver,2021-02-12 09:44:29
clear sky,267.46,260.83,266.48,268.15,1020.0,46.0,4.63,1613143567,1613179649,Vancouver,2021-02-12 09:44:49
clear sky,267.46,260.83,266.48,268.15,1020.0,46.0,4.63,1613143567,1613179649,Vancouver,2021-02-12 09:45:09
clear sky,267.46,260.83,266.48,268.15,1020.0,46.0,4.63,1613143567,1613179649,Vancouver,2021-02-12 09:45:30
clear sky,267.46,260.83,266.48,268.15,1020.0,46.0,4.63,1613143567,1613179649,Vancouver,2021-02-12 09:45:50
clear sky,267.46,260.83,266.48,268.15,1020.0,46.0,4.63,1613143567,1613179649,Vancouver,2021-02-12 09:46:11
clear sky,267.46,260.83,266.48,268.15,1020.0,46.0,4.63,1613143567,1613179649,Vancouver,2021-02-12 09:46:31
clear sky,267.46,260.83,266.48,268.15,1020.0,46.0,4.63,1613143567,1613179649,Vancouver,2021-02-12 09:46:51
clear sky,267.46,260.83,266.48,268.15,1020.0,46.0,4.63,1613143567,1613179649,Vancouver,2021-02-12 09:47:12
clear sky,267.46,260.83,266.48,268.15,1020.0,46.0,4.63,1613143567,1613179649,Vancouver,2021-02-12 09:47:32
clear sky,267.46,260.83,266.48,268.15,1020.0,46.0,4.63,1613143567,1613179649,Vancouver,2021-02-12 09:47:53
clear sky,267.46,260.83,266.48,268.15,1020.0,46.0,4.63,1613143567,1613179649,Vancouver,2021-02-12 09:48:13
clear sky,267.46,260.83,266.48,268.15,1020.0,46.0,4.63,1613143567,1613179649,Vancouver,2021-02-12 09:48:33
clear sky,267.46,260.83,266.48,268.15,1020.0,46.0,4.63,1613143567,1613179649,Vancouver,2021-02-12 09:48:54
clear sky,267.46,260.83,266.48,268.15,1020.0,46.0,4.63,1613143567,1613179649,Vancouver,2021-02-12 09:49:14
clear sky,267.46,260.83,266.48,268.15,1020.0,46.0,4.63,1613143567,1613179649,Vancouver,2021-02-12 09:49:35
clear sky,267.46,260.83,266.48,268.15,1020.0,46.0,4.63,1613143567,1613179649,Vancouver,2021-02-12 09:49:55
clear sky,267.46,260.83,266.48,268.15,1020.0,46.0,4.63,1613143567,1613179649,Vancouver,2021-02-12 09:50:15
clear sky,267.46,260.83,266.48,268.15,1020.0,46.0,4.63,1613143567,1613179649,Vancouver,2021-02-12 09:50:36
clear sky,267.46,260.83,266.48,268.15,1020.0,46.0,4.63,1613143567,1613179649,Vancouver,2021-02-12 09:50:56
clear sky,267.46,260.83,266.48,268.15,1020.0,46.0,4.63,1613143567,1613179649,Vancouver,2021-02-12 09:51:16
clear sky,267.46,260.83,266.48,268.15,1020.0,46.0,4.63,1613143567,1613179649,Vancouver,2021-02-12 09:51:37
clear sky,267.46,260.83,266.48,268.15,1020.0,46.0,4.63,1613143567,1613179649,Vancouver,2021-02-12 09:51:57
clear sky,267.46,260.83,266.48,268.15,1020.0,46.0,4.63,1613143567,1613179649,Vancouver,2021-02-12 09:52:18
clear sky,267.46,260.83,266.48,268.15,1020.0,46.0,4.63,1613143567,1613179649,Vancouver,2021-02-12 09:52:38
clear sky,267.46,260.83,266.48,268.15,1020.0,46.0,4.63,1613143567,1613179649,Vancouver,2021-02-12 09:52:58
clear sky,267.8,261.18,267.04,268.15,1020.0,46.0,4.63,1613143567,1613179649,Vancouver,2021-02-12 09:53:19
clear sky,267.8,261.18,267.04,268.15,1020.0,46.0,4.63,1613143567,1613179649,Vancouver,2021-02-12 09:53:39
clear sky,267.8,261.18,267.04,268.15,1020.0,46.0,4.63,1613143567,1613179649,Vancouver,2021-02-12 09:54:00
clear sky,267.8,261.18,267.04,268.15,1020.0,46.0,4.63,1613143567,1613179649,Vancouver,2021-02-12 09:54:20
clear sky,267.8,261.18,267.04,268.15,1020.0,46.0,4.63,1613143567,1613179649,Vancouver,2021-02-12 09:54:40
clear sky,267.8,261.18,267.04,268.15,1020.0,46.0,4.63,1613143567,1613179649,Vancouver,2021-02-12 09:55:01
clear sky,267.8,261.18,267.04,268.15,1020.0,46.0,4.63,1613143567,1613179649,Vancouver,2021-02-12 09:55:21
clear sky,267.8,261.18,267.04,268.15,1020.0,46.0,4.63,1613143567,1613179649,Vancouver,2021-02-12 09:55:41
clear sky,267.8,261.18,267.04,268.15,1020.0,46.0,4.63,1613143567,1613179649,Vancouver,2021-02-12 09:56:02
clear sky,267.8,261.18,267.04,268.15,1020.0,46.0,4.63,1613143567,1613179649,Vancouver,2021-02-12 09:56:22
clear sky,267.8,261.18,267.04,268.15,1020.0,46.0,4.63,1613143567,1613179649,Vancouver,2021-02-12 09:56:43
clear sky,267.8,261.18,267.04,268.15,1020.0,46.0,4.63,1613143567,1613179649,Vancouver,2021-02-12 09:57:03
clear sky,267.8,261.18,267.04,268.15,1020.0,46.0,4.63,1613143567,1613179649,Vancouver,2021-02-12 09:57:23
clear sky,267.8,261.18,267.04,268.15,1020.0,46.0,4.63,1613143567,1613179649,Vancouver,2021-02-12 09:57:44
clear sky,267.8,261.18,267.04,268.15,1020.0,46.0,4.63,1613143567,1613179649,Vancouver,2021-02-12 09:58:04
clear sky,267.8,261.18,267.04,268.15,1020.0,46.0,4.63,1613143567,1613179649,Vancouver,2021-02-12 09:58:25
clear sky,267.8,261.18,267.04,268.15,1020.0,46.0,4.63,1613143567,1613179649,Vancouver,2021-02-12 09:58:45
clear sky,267.8,261.18,267.04,268.15,1020.0,46.0,4.63,1613143567,1613179649,Vancouver,2021-02-12 09:59:05
clear sky,267.8,261.18,267.04,268.15,1020.0,46.0,4.63,1613143567,1613179649,Vancouver,2021-02-12 09:59:26
clear sky,267.8,261.18,267.04,268.15,1020.0,46.0,4.63,1613143567,1613179649,Vancouver,2021-02-12 09:59:46
clear sky,267.8,261.18,267.04,268.15,1020.0,46.0,4.63,1613143567,1613179649,Vancouver,2021-02-12 10:00:07
clear sky,267.8,261.18,267.04,268.15,1020.0,46.0,4.63,1613143567,1613179649,Vancouver,2021-02-12 10:00:27
clear sky,267.8,261.18,267.04,268.15,1020.0,46.0,4.63,1613143567,1613179649,Vancouver,2021-02-12 10:00:47
clear sky,267.8,261.18,267.04,268.15,1020.0,46.0,4.63,1613143567,1613179649,Vancouver,2021-02-12 10:01:08
clear sky,267.8,261.18,267.04,268.15,1020.0,46.0,4.63,1613143567,1613179649,Vancouver,2021-02-12 10:01:28
clear sky,267.8,261.18,267.04,268.15,1020.0,46.0,4.63,1613143567,1613179649,Vancouver,2021-02-12 10:01:48
clear sky,267.8,261.18,267.04,268.15,1020.0,46.0,4.63,1613143567,1613179649,Vancouver,2021-02-12 10:02:09
clear sky,267.8,261.18,267.04,268.15,1020.0,46.0,4.63,1613143567,1613179649,Vancouver,2021-02-12 10:02:29
clear sky,267.8,261.18,267.04,268.15,1020.0,46.0,4.63,1613143567,1613179649,Vancouver,2021-02-12 10:02:50
clear sky,267.8,261.18,267.04,268.15,1020.0,46.0,4.63,1613143567,1613179649,Vancouver,2021-02-12 10:03:10
clear sky,267.8,261.18,267.04,268.15,1020.0,46.0,4.63,1613143567,1613179649,Vancouver,2021-02-12 10:03:30
clear sky,267.8,261.18,267.04,268.15,1020.0,46.0,4.63,1613143567,1613179649,Vancouver,2021-02-12 10:03:51
clear sky,267.8,261.18,267.04,268.15,1020.0,46.0,4.63,1613143567,1613179649,Vancouver,2021-02-12 10:04:11
clear sky,267.8,261.18,267.04,268.15,1020.0,46.0,4.63,1613143567,1613179649,Vancouver,2021-02-12 10:04:31
clear sky,267.8,261.18,267.04,268.15,1020.0,46.0,4.63,1613143567,1613179649,Vancouver,2021-02-12 10:04:52
clear sky,267.8,261.18,267.04,268.15,1020.0,46.0,4.63,1613143567,1613179649,Vancouver,2021-02-12 10:05:12
clear sky,267.8,261.18,267.04,268.15,1020.0,46.0,4.63,1613143567,1613179649,Vancouver,2021-02-12 10:05:33
clear sky,267.8,261.18,267.04,268.15,1020.0,46.0,4.63,1613143567,1613179649,Vancouver,2021-02-12 10:05:53
clear sky,267.8,261.18,267.04,268.15,1020.0,46.0,4.63,1613143567,1613179649,Vancouver,2021-02-12 10:06:13
clear sky,267.8,261.18,267.04,268.15,1020.0,46.0,4.63,1613143567,1613179649,Vancouver,2021-02-12 10:06:34
clear sky,267.8,261.18,267.04,268.15,1020.0,46.0,4.63,1613143567,1613179649,Vancouver,2021-02-12 10:06:54
clear sky,267.8,261.18,267.04,268.15,1020.0,46.0,4.63,1613143567,1613179649,Vancouver,2021-02-12 10:07:14
clear sky,267.8,261.18,267.04,268.15,1020.0,46.0,4.63,1613143567,1613179649,Vancouver,2021-02-12 10:07:35
clear sky,267.8,261.18,267.04,268.15,1020.0,46.0,4.63,1613143567,1613179649,Vancouver,2021-02-12 10:07:55
clear sky,267.8,261.18,267.04,268.15,1020.0,46.0,4.63,1613143567,1613179649,Vancouver,2021-02-12 10:08:16
clear sky,267.8,261.18,267.04,268.15,1020.0,46.0,4.63,1613143567,1613179649,Vancouver,2021-02-12 10:08:36
clear sky,267.8,261.18,267.04,268.15,1020.0,46.0,4.63,1613143567,1613179649,Vancouver,2021-02-12 10:08:56
clear sky,267.8,261.18,267.04,268.15,1020.0,46.0,4.63,1613143567,1613179649,Vancouver,2021-02-12 10:09:17
clear sky,267.8,261.18,267.04,268.15,1020.0,46.0,4.63,1613143567,1613179649,Vancouver,2021-02-12 10:09:37
clear sky,267.8,261.18,267.04,268.15,1020.0,46.0,4.63,1613143567,1613179649,Vancouver,2021-02-12 10:09:57
clear sky,267.8,261.18,267.04,268.15,1020.0,46.0,4.63,1613143567,1613179649,Vancouver,2021-02-12 10:10:18
clear sky,267.8,261.18,267.04,268.15,1020.0,46.0,4.63,1613143567,1613179649,Vancouver,2021-02-12 10:10:38
clear sky,267.8,261.18,267.04,268.15,1020.0,46.0,4.63,1613143567,1613179649,Vancouver,2021-02-12 10:10:59
clear sky,267.8,261.18,267.04,268.15,1020.0,46.0,4.63,1613143567,1613179649,Vancouver,2021-02-12 10:11:19
clear sky,267.8,261.18,267.04,268.15,1020.0,46.0,4.63,1613143567,1613179649,Vancouver,2021-02-12 10:11:39
clear sky,267.8,261.18,267.04,268.15,1020.0,46.0,4.63,1613143567,1613179649,Vancouver,2021-02-12 10:12:00
clear sky,267.8,261.18,267.04,268.15,1020.0,46.0,4.63,1613143567,1613179649,Vancouver,2021-02-12 10:12:20
clear sky,267.8,261.18,267.04,268.15,1020.0,46.0,4.63,1613143567,1613179649,Vancouver,2021-02-12 10:12:41
clear sky,267.8,261.18,267.04,268.15,1020.0,46.0,4.63,1613143567,1613179649,Vancouver,2021-02-12 10:13:01
clear sky,267.8,261.18,267.04,268.15,1020.0,46.0,4.63,1613143567,1613179649,Vancouver,2021-02-12 10:13:21
clear sky,267.36,260.72,265.93,268.15,1020.0,46.0,4.63,1613143567,1613179649,Vancouver,2021-02-12 10:13:42
clear sky,267.36,260.72,265.93,268.15,1020.0,46.0,4.63,1613143567,1613179649,Vancouver,2021-02-12 10:14:02
clear sky,267.36,260.72,265.93,268.15,1020.0,46.0,4.63,1613143567,1613179649,Vancouver,2021-02-12 10:14:23
clear sky,267.36,260.72,265.93,268.15,1020.0,46.0,4.63,1613143567,1613179649,Vancouver,2021-02-12 10:14:43
clear sky,267.36,260.72,265.93,268.15,1020.0,46.0,4.63,1613143567,1613179649,Vancouver,2021-02-12 10:15:03
clear sky,267.36,260.72,265.93,268.15,1020.0,46.0,4.63,1613143567,1613179649,Vancouver,2021-02-12 10:15:24
clear sky,267.36,260.72,265.93,268.15,1020.0,46.0,4.63,1613143567,1613179649,Vancouver,2021-02-12 10:15:44
clear sky,267.36,260.72,265.93,268.15,1020.0,46.0,4.63,1613143567,1613179649,Vancouver,2021-02-12 10:16:04
clear sky,267.36,260.72,265.93,268.15,1020.0,46.0,4.63,1613143567,1613179649,Vancouver,2021-02-12 10:16:25
clear sky,267.36,260.72,265.93,268.15,1020.0,46.0,4.63,1613143567,1613179649,Vancouver,2021-02-12 10:16:45
clear sky,267.36,260.72,265.93,268.15,1020.0,46.0,4.63,1613143567,1613179649,Vancouver,2021-02-12 10:17:06
clear sky,267.36,260.72,265.93,268.15,1020.0,46.0,4.63,1613143567,1613179649,Vancouver,2021-02-12 10:17:26
clear sky,267.36,260.72,265.93,268.15,1020.0,46.0,4.63,1613143567,1613179649,Vancouver,2021-02-12 10:17:46
clear sky,267.36,260.72,265.93,268.15,1020.0,46.0,4.63,1613143567,1613179649,Vancouver,2021-02-12 10:18:07
clear sky,267.36,260.72,265.93,268.15,1020.0,46.0,4.63,1613143567,1613179649,Vancouver,2021-02-12 10:18:27
clear sky,267.36,260.72,265.93,268.15,1020.0,46.0,4.63,1613143567,1613179649,Vancouver,2021-02-12 10:18:48
clear sky,267.36,260.72,265.93,268.15,1020.0,46.0,4.63,1613143567,1613179649,Vancouver,2021-02-12 10:19:08
clear sky,267.36,260.72,265.93,268.15,1020.0,46.0,4.63,1613143567,1613179649,Vancouver,2021-02-12 10:19:29
clear sky,267.36,260.72,265.93,268.15,1020.0,46.0,4.63,1613143567,1613179649,Vancouver,2021-02-12 10:19:49
clear sky,267.36,260.72,265.93,268.15,1020.0,46.0,4.63,1613143567,1613179649,Vancouver,2021-02-12 10:20:09
clear sky,267.36,260.72,265.93,268.15,1020.0,46.0,4.63,1613143567,1613179649,Vancouver,2021-02-12 10:20:30
clear sky,267.36,260.72,265.93,268.15,1020.0,46.0,4.63,1613143567,1613179649,Vancouver,2021-02-12 10:20:50
clear sky,267.36,260.72,265.93,268.15,1020.0,46.0,4.63,1613143567,1613179649,Vancouver,2021-02-12 10:21:10
clear sky,267.36,260.72,265.93,268.15,1020.0,46.0,4.63,1613143567,1613179649,Vancouver,2021-02-12 10:21:31
clear sky,267.36,260.72,265.93,268.15,1020.0,46.0,4.63,1613143567,1613179649,Vancouver,2021-02-12 10:21:51
clear sky,267.36,260.72,265.93,268.15,1020.0,46.0,4.63,1613143567,1613179649,Vancouver,2021-02-12 10:22:11
clear sky,267.36,260.72,265.93,268.15,1020.0,46.0,4.63,1613143567,1613179649,Vancouver,2021-02-12 10:22:32
clear sky,267.36,260.72,265.93,268.15,1020.0,46.0,4.63,1613143567,1613179649,Vancouver,2021-02-12 10:22:52
clear sky,267.36,260.72,265.93,268.15,1020.0,46.0,4.63,1613143567,1613179649,Vancouver,2021-02-12 10:23:13
clear sky,267.36,260.72,265.93,268.15,1020.0,46.0,4.63,1613143567,1613179649,Vancouver,2021-02-12 10:23:33
few clouds,266.94,261.4,265.93,268.15,1021.0,49.0,3.09,1613143567,1613179649,Vancouver,2021-02-12 10:23:54
few clouds,266.94,261.4,265.93,268.15,1021.0,49.0,3.09,1613143567,1613179649,Vancouver,2021-02-12 10:24:15
few clouds,266.94,261.4,265.93,268.15,1021.0,49.0,3.09,1613143567,1613179649,Vancouver,2021-02-12 10:24:35
few clouds,266.94,261.4,265.93,268.15,1021.0,49.0,3.09,1613143567,1613179649,Vancouver,2021-02-12 10:24:56
few clouds,266.94,261.4,265.93,268.15,1021.0,49.0,3.09,1613143567,1613179649,Vancouver,2021-02-12 10:25:16
few clouds,266.94,261.4,265.93,268.15,1021.0,49.0,3.09,1613143567,1613179649,Vancouver,2021-02-12 10:25:37
few clouds,266.94,261.4,265.93,268.15,1021.0,49.0,3.09,1613143567,1613179649,Vancouver,2021-02-12 10:25:57
few clouds,266.94,261.4,265.93,268.15,1021.0,49.0,3.09,1613143567,1613179649,Vancouver,2021-02-12 10:26:17
few clouds,266.94,261.4,265.93,268.15,1021.0,49.0,3.09,1613143567,1613179649,Vancouver,2021-02-12 10:26:38
few clouds,266.94,261.4,265.93,268.15,1021.0,49.0,3.09,1613143567,1613179649,Vancouver,2021-02-12 10:26:58
few clouds,266.94,261.4,265.93,268.15,1021.0,49.0,3.09,1613143567,1613179649,Vancouver,2021-02-12 10:27:18
few clouds,266.94,261.4,265.93,268.15,1021.0,49.0,3.09,1613143567,1613179649,Vancouver,2021-02-12 10:27:39
few clouds,266.94,261.4,265.93,268.15,1021.0,49.0,3.09,1613143567,1613179649,Vancouver,2021-02-12 10:27:59
few clouds,266.94,261.4,265.93,268.15,1021.0,49.0,3.09,1613143567,1613179649,Vancouver,2021-02-12 10:28:20
few clouds,266.94,261.4,265.93,268.15,1021.0,49.0,3.09,1613143567,1613179649,Vancouver,2021-02-12 10:28:33
few clouds,266.94,261.4,265.93,268.15,1021.0,49.0,3.09,1613143567,1613179649,Vancouver,2021-02-12 10:33:33
few clouds,266.76,261.21,265.37,268.15,1021.0,49.0,3.09,1613143567,1613179649,Vancouver,2021-02-12 10:38:33
few clouds,266.77,261.22,265.37,268.15,1021.0,49.0,3.09,1613143567,1613179649,Vancouver,2021-02-12 10:43:33
few clouds,266.77,261.22,265.37,268.15,1021.0,49.0,3.09,1613143567,1613179649,Vancouver,2021-02-12 10:48:33
few clouds,266.77,261.22,265.37,268.15,1021.0,49.0,3.09,1613143567,1613179649,Vancouver,2021-02-12 10:53:33
few clouds,267.2,261.67,266.48,268.15,1021.0,49.0,3.09,1613143567,1613179649,Vancouver,2021-02-12 10:58:34
few clouds,267.2,261.67,266.48,268.15,1021.0,49.0,3.09,1613143567,1613179649,Vancouver,2021-02-12 11:03:34
few clouds,267.11,261.58,266.48,268.15,1021.0,49.0,3.09,1613143567,1613179649,Vancouver,2021-02-12 11:08:34
few clouds,267.11,261.58,266.48,268.15,1021.0,49.0,3.09,1613143567,1613179649,Vancouver,2021-02-12 11:13:34
broken clouds,267.16,262.26,265.37,268.15,1021.0,42.0,2.06,1613143567,1613179649,Vancouver,2021-02-12 11:18:34
broken clouds,267.16,262.26,265.37,268.15,1021.0,42.0,2.06,1613143567,1613179649,Vancouver,2021-02-12 11:23:34
broken clouds,267.7,262.82,266.48,268.15,1021.0,42.0,2.06,1613143567,1613179649,Vancouver,2021-02-12 11:28:34
broken clouds,267.7,262.82,266.48,268.15,1021.0,42.0,2.06,1613143567,1613179649,Vancouver,2021-02-12 11:33:34
broken clouds,267.93,263.06,267.04,268.15,1021.0,42.0,2.06,1613143567,1613179649,Vancouver,2021-02-12 11:38:34
broken clouds,267.93,263.06,267.04,268.15,1021.0,42.0,2.06,1613143567,1613179649,Vancouver,2021-02-12 11:43:34
broken clouds,267.93,263.06,267.04,268.15,1021.0,42.0,2.06,1613143567,1613179649,Vancouver,2021-02-12 11:48:35
broken clouds,267.85,262.98,267.04,268.15,1021.0,42.0,2.06,1613143567,1613179649,Vancouver,2021-02-12 11:53:35
broken clouds,267.85,262.98,267.04,268.15,1021.0,42.0,2.06,1613143567,1613179649,Vancouver,2021-02-12 11:58:35
broken clouds,267.65,262.77,265.37,268.15,1021.0,42.0,2.06,1613143567,1613179649,Vancouver,2021-02-12 12:03:35
broken clouds,267.65,262.77,265.37,268.15,1021.0,42.0,2.06,1613143567,1613179649,Vancouver,2021-02-12 12:08:35
broken clouds,267.65,262.77,265.37,268.15,1021.0,42.0,2.06,1613143567,1613179649,Vancouver,2021-02-12 12:13:35
few clouds,267.9,262.31,267.59,268.15,1021.0,42.0,3.09,1613143567,1613179649,Vancouver,2021-02-12 12:18:35
few clouds,267.9,262.31,267.59,268.15,1021.0,42.0,3.09,1613143567,1613179649,Vancouver,2021-02-12 12:23:35
few clouds,267.9,262.31,267.59,268.15,1021.0,42.0,3.09,1613143567,1613179649,Vancouver,2021-02-12 12:28:36
few clouds,267.67,262.07,266.48,268.71,1021.0,42.0,3.09,1613143567,1613179649,Vancouver,2021-02-12 12:33:36
few clouds,267.67,262.07,266.48,268.71,1021.0,42.0,3.09,1613143567,1613179649,Vancouver,2021-02-12 12:38:36
few clouds,267.67,262.07,266.48,268.71,1021.0,42.0,3.09,1613143567,1613179649,Vancouver,2021-02-12 12:43:36
few clouds,267.08,261.46,265.37,268.71,1021.0,42.0,3.09,1613143567,1613179649,Vancouver,2021-02-12 12:48:36
few clouds,267.08,261.46,265.37,268.71,1021.0,42.0,3.09,1613143567,1613179649,Vancouver,2021-02-12 12:53:36
few clouds,267.08,261.46,265.37,268.71,1021.0,42.0,3.09,1613143567,1613179649,Vancouver,2021-02-12 12:58:36
few clouds,267.21,261.59,265.37,268.71,1021.0,42.0,3.09,1613143567,1613179649,Vancouver,2021-02-12 13:03:36
few clouds,267.21,261.59,265.37,268.71,1021.0,42.0,3.09,1613143567,1613179649,Vancouver,2021-02-12 13:08:37
few clouds,267.1,261.48,264.82,268.71,1021.0,42.0,3.09,1613143567,1613179649,Vancouver,2021-02-12 13:13:37
few clouds,267.1,261.48,264.82,268.71,1021.0,42.0,3.09,1613143567,1613179649,Vancouver,2021-02-12 13:18:37
few clouds,267.1,261.48,264.82,268.71,1021.0,42.0,3.09,1613143567,1613179649,Vancouver,2021-02-12 13:23:37
few clouds,267.54,262.71,265.93,268.71,1021.0,46.0,2.06,1613143567,1613179649,Vancouver,2021-02-12 13:28:37
few clouds,267.54,262.71,265.93,268.71,1021.0,46.0,2.06,1613143567,1613179649,Vancouver,2021-02-12 13:33:37
few clouds,266.92,262.06,264.82,268.71,1021.0,46.0,2.06,1613143567,1613179649,Vancouver,2021-02-12 13:38:37
few clouds,266.91,262.05,264.82,268.71,1021.0,46.0,2.06,1613143567,1613179649,Vancouver,2021-02-12 13:43:37
few clouds,266.91,262.05,264.82,268.71,1021.0,46.0,2.06,1613143567,1613179649,Vancouver,2021-02-12 13:48:38
few clouds,266.92,262.06,264.82,268.71,1021.0,46.0,2.06,1613143567,1613179649,Vancouver,2021-02-12 13:53:38
few clouds,266.92,262.06,264.82,268.71,1021.0,46.0,2.06,1613143567,1613179649,Vancouver,2021-02-12 13:58:38
few clouds,266.79,261.92,264.82,268.71,1021.0,46.0,2.06,1613143567,1613179649,Vancouver,2021-02-12 14:03:38
few clouds,266.79,261.92,264.82,268.71,1021.0,46.0,2.06,1613143567,1613179649,Vancouver,2021-02-12 14:08:38
few clouds,266.79,261.92,264.82,268.71,1021.0,46.0,2.06,1613143567,1613179649,Vancouver,2021-02-12 14:13:38
few clouds,266.38,261.22,264.82,267.59,1022.0,53.0,2.57,1613143567,1613179649,Vancouver,2021-02-12 14:18:38
few clouds,266.38,261.22,264.82,267.59,1022.0,53.0,2.57,1613143567,1613179649,Vancouver,2021-02-12 14:23:38
few clouds,266.37,261.21,264.82,268.15,1022.0,53.0,2.57,1613143567,1613179649,Vancouver,2021-02-12 14:28:38
few clouds,266.37,261.21,264.82,268.15,1022.0,53.0,2.57,1613143567,1613179649,Vancouver,2021-02-12 14:33:39
few clouds,266.27,261.11,264.82,268.15,1022.0,53.0,2.57,1613143567,1613179649,Vancouver,2021-02-12 14:38:39
few clouds,266.28,261.12,264.82,268.15,1022.0,53.0,2.57,1613143567,1613179649,Vancouver,2021-02-12 14:43:39
few clouds,266.28,261.12,264.82,268.15,1022.0,53.0,2.57,1613143567,1613179649,Vancouver,2021-02-12 14:48:39
few clouds,266.28,261.12,264.82,268.15,1022.0,53.0,2.57,1613143567,1613179649,Vancouver,2021-02-12 14:53:39
few clouds,266.6,261.46,264.82,268.15,1022.0,53.0,2.57,1613143567,1613179649,Vancouver,2021-02-12 14:58:39
few clouds,266.6,261.46,264.82,268.15,1022.0,53.0,2.57,1613143567,1613179649,Vancouver,2021-02-12 15:03:39
few clouds,266.39,261.24,264.82,268.15,1022.0,53.0,2.57,1613143567,1613179649,Vancouver,2021-02-12 15:08:39
few clouds,266.39,261.24,264.82,268.15,1022.0,53.0,2.57,1613143567,1613179649,Vancouver,2021-02-12 15:13:39
few clouds,266.39,261.24,264.82,268.15,1022.0,53.0,2.57,1613143567,1613179649,Vancouver,2021-02-12 15:18:39
scattered clouds,266.69,261.14,264.82,268.15,1022.0,49.0,3.09,1613143567,1613179649,Vancouver,2021-02-12 15:23:40
scattered clouds,266.69,261.14,264.82,268.15,1022.0,49.0,3.09,1613143567,1613179649,Vancouver,2021-02-12 15:28:40
scattered clouds,266.69,261.14,264.82,268.15,1022.0,49.0,3.09,1613143567,1613179649,Vancouver,2021-02-12 15:33:40
scattered clouds,266.96,261.42,265.37,268.15,1022.0,49.0,3.09,1613143567,1613179649,Vancouver,2021-02-12 15:38:40
scattered clouds,266.96,261.42,265.37,268.15,1022.0,49.0,3.09,1613143567,1613179649,Vancouver,2021-02-12 15:43:40
scattered clouds,266.68,261.13,264.82,268.15,1022.0,49.0,3.09,1613143567,1613179649,Vancouver,2021-02-12 15:48:40
scattered clouds,266.68,261.13,264.82,268.15,1022.0,49.0,3.09,1613143567,1613179649,Vancouver,2021-02-12 15:53:40
scattered clouds,266.68,261.13,264.82,268.15,1022.0,49.0,3.09,1613143567,1613179649,Vancouver,2021-02-12 15:58:41
scattered clouds,266.97,261.43,265.37,268.15,1022.0,49.0,3.09,1613143567,1613179649,Vancouver,2021-02-12 16:03:41
scattered clouds,266.97,261.43,265.37,268.15,1022.0,49.0,3.09,1613143567,1613179649,Vancouver,2021-02-12 16:08:41
scattered clouds,266.63,261.07,264.82,268.15,1022.0,49.0,3.09,1613143567,1613179649,Vancouver,2021-02-12 16:13:41
scattered clouds,266.63,261.07,264.82,268.15,1022.0,49.0,3.09,1613143567,1613179649,Vancouver,2021-02-12 16:18:42
scattered clouds,267.29,259.48,266.48,268.15,1022.0,39.0,6.17,1613143567,1613179649,Vancouver,2021-02-12 16:23:42
scattered clouds,267.29,259.48,266.48,268.15,1022.0,39.0,6.17,1613143567,1613179649,Vancouver,2021-02-12 16:28:42
scattered clouds,267.74,259.95,267.04,268.15,1022.0,39.0,6.17,1613143567,1613179649,Vancouver,2021-02-12 16:33:43
scattered clouds,267.74,259.95,267.04,268.15,1022.0,39.0,6.17,1613143567,1613179649,Vancouver,2021-02-12 16:38:43
scattered clouds,267.68,259.88,267.04,268.15,1022.0,39.0,6.17,1613143567,1613179649,Vancouver,2021-02-12 16:43:44
scattered clouds,267.68,259.88,267.04,268.15,1022.0,39.0,6.17,1613143567,1613179649,Vancouver,2021-02-12 16:48:44
scattered clouds,268.05,260.27,267.15,268.71,1022.0,39.0,6.17,1613143567,1613179649,Vancouver,2021-02-12 16:53:44
scattered clouds,268.05,260.27,267.15,268.71,1022.0,39.0,6.17,1613143567,1613179649,Vancouver,2021-02-12 16:58:44
scattered clouds,268.05,260.27,267.15,268.71,1022.0,39.0,6.17,1613143567,1613179649,Vancouver,2021-02-12 17:03:45
scattered clouds,268.45,260.69,267.15,269.26,1022.0,39.0,6.17,1613143567,1613179649,Vancouver,2021-02-12 17:08:45
scattered clouds,268.45,260.69,267.15,269.26,1022.0,39.0,6.17,1613143567,1613179649,Vancouver,2021-02-12 17:13:45
scattered clouds,268.8,261.77,268.15,269.26,1022.0,39.0,5.14,1613143567,1613179649,Vancouver,2021-02-12 17:18:46
scattered clouds,268.8,261.77,268.15,269.26,1022.0,39.0,5.14,1613143567,1613179649,Vancouver,2021-02-12 17:23:16
scattered clouds,268.8,261.77,268.15,269.26,1022.0,39.0,5.14,1613143567,1613179649,Vancouver,2021-02-12 17:28:17
scattered clouds,268.83,261.8,268.15,269.26,1022.0,39.0,5.14,1613143567,1613179649,Vancouver,2021-02-12 17:33:17
scattered clouds,268.83,261.8,268.15,269.26,1022.0,39.0,5.14,1613143567,1613179649,Vancouver,2021-02-12 17:38:17
scattered clouds,269.21,262.2,268.15,269.82,1022.0,39.0,5.14,1613143567,1613179649,Vancouver,2021-02-12 17:43:17
scattered clouds,269.21,262.2,268.15,269.82,1022.0,39.0,5.14,1613143567,1613179649,Vancouver,2021-02-12 17:48:17
scattered clouds,269.21,262.2,268.15,269.82,1022.0,39.0,5.14,1613143567,1613179649,Vancouver,2021-02-12 17:53:17
scattered clouds,268.92,261.9,268.15,269.26,1022.0,39.0,5.14,1613143567,1613179649,Vancouver,2021-02-12 17:58:17
scattered clouds,268.92,261.9,268.15,269.26,1022.0,39.0,5.14,1613143567,1613179649,Vancouver,2021-02-12 18:03:17
scattered clouds,269.45,262.45,268.15,270.37,1022.0,39.0,5.14,1613143567,1613179649,Vancouver,2021-02-12 18:08:18
scattered clouds,269.45,262.45,268.15,270.37,1022.0,39.0,5.14,1613143567,1613179649,Vancouver,2021-02-12 18:13:18
scattered clouds,269.45,262.45,268.15,270.37,1022.0,39.0,5.14,1613143567,1613179649,Vancouver,2021-02-12 18:18:18
scattered clouds,269.88,265.01,268.71,270.37,1022.0,36.0,2.06,1613143567,1613179649,Vancouver,2021-02-12 18:23:18
scattered clouds,269.88,265.01,268.71,270.37,1022.0,36.0,2.06,1613143567,1613179649,Vancouver,2021-02-12 18:28:18
scattered clouds,269.88,265.01,268.71,270.37,1022.0,36.0,2.06,1613143567,1613179649,Vancouver,2021-02-12 18:33:18
scattered clouds,270.07,265.21,268.71,270.93,1022.0,36.0,2.06,1613143567,1613179649,Vancouver,2021-02-12 18:38:18
scattered clouds,270.12,265.26,269.15,270.93,1022.0,36.0,2.06,1613143567,1613179649,Vancouver,2021-02-12 18:43:19
scattered clouds,270.09,265.23,268.71,270.93,1022.0,36.0,2.06,1613143567,1613179649,Vancouver,2021-02-12 18:48:19
scattered clouds,270.09,265.23,268.71,270.93,1022.0,36.0,2.06,1613143567,1613179649,Vancouver,2021-02-12 18:53:19
scattered clouds,270.09,265.23,268.71,270.93,1022.0,36.0,2.06,1613143567,1613179649,Vancouver,2021-02-12 18:58:19
scattered clouds,270.46,265.61,268.71,271.48,1022.0,36.0,2.06,1613143567,1613179649,Vancouver,2021-02-12 19:03:19
scattered clouds,270.46,265.61,268.71,271.48,1022.0,36.0,2.06,1613143567,1613179649,Vancouver,2021-02-12 19:08:19
overcast clouds,270.88,266.84,270.37,271.15,1020.0,40.0,1.03,1613143567,1613179649,Vancouver,2021-02-12 19:13:19
overcast clouds,270.88,266.84,270.37,271.15,1020.0,40.0,1.03,1613143567,1613179649,Vancouver,2021-02-12 19:18:19
overcast clouds,270.88,266.84,270.37,271.15,1020.0,40.0,1.03,1613143567,1613179649,Vancouver,2021-02-12 19:23:19
scattered clouds,270.73,266.17,270.15,271.15,1021.0,31.0,1.54,1613143567,1613179649,Vancouver,2021-02-12 19:28:20
scattered clouds,270.73,266.17,270.15,271.15,1021.0,31.0,1.54,1613143567,1613179649,Vancouver,2021-02-12 19:33:20
scattered clouds,270.73,266.17,270.15,271.15,1021.0,31.0,1.54,1613143567,1613179649,Vancouver,2021-02-12 19:38:20
scattered clouds,271.06,266.52,269.82,272.04,1021.0,31.0,1.54,1613143567,1613179649,Vancouver,2021-02-12 19:43:20
scattered clouds,271.06,266.52,269.82,272.04,1021.0,31.0,1.54,1613143567,1613179649,Vancouver,2021-02-12 19:48:20
scattered clouds,271.12,266.58,269.82,272.59,1021.0,31.0,1.54,1613143567,1613179649,Vancouver,2021-02-12 19:53:20
scattered clouds,271.12,266.58,269.82,272.59,1021.0,31.0,1.54,1613143567,1613179649,Vancouver,2021-02-12 19:58:20
scattered clouds,271.12,266.58,269.82,272.59,1021.0,31.0,1.54,1613143567,1613179649,Vancouver,2021-02-12 20:03:20
scattered clouds,271.0,266.46,269.82,272.04,1021.0,31.0,1.54,1613143567,1613179649,Vancouver,2021-02-12 20:08:20
scattered clouds,271.0,266.46,269.82,272.04,1021.0,31.0,1.54,1613143567,1613179649,Vancouver,2021-02-12 20:13:21
scattered clouds,271.28,266.75,269.82,272.59,1021.0,31.0,1.54,1613143567,1613179649,Vancouver,2021-02-12 20:18:21
scattered clouds,271.28,266.75,269.82,272.59,1021.0,31.0,1.54,1613143567,1613179649,Vancouver,2021-02-12 20:23:21
scattered clouds,271.28,266.75,269.82,272.59,1021.0,31.0,1.54,1613143567,1613179649,Vancouver,2021-02-12 20:28:21
broken clouds,271.49,266.6,270.93,272.59,1021.0,31.0,2.06,1613143567,1613179649,Vancouver,2021-02-12 20:33:21
broken clouds,271.49,266.6,270.93,272.59,1021.0,31.0,2.06,1613143567,1613179649,Vancouver,2021-02-12 20:38:21
broken clouds,271.97,267.1,270.93,273.15,1021.0,31.0,2.06,1613143567,1613179649,Vancouver,2021-02-12 20:43:21
broken clouds,271.97,267.1,270.93,273.15,1021.0,31.0,2.06,1613143567,1613179649,Vancouver,2021-02-12 20:48:22
broken clouds,271.97,267.1,270.93,273.15,1021.0,31.0,2.06,1613143567,1613179649,Vancouver,2021-02-12 20:53:22
broken clouds,271.99,267.12,270.93,273.71,1021.0,31.0,2.06,1613143567,1613179649,Vancouver,2021-02-12 20:58:22
broken clouds,271.99,267.12,270.93,273.71,1021.0,31.0,2.06,1613143567,1613179649,Vancouver,2021-02-12 21:03:22
broken clouds,271.74,266.86,270.93,273.15,1021.0,31.0,2.06,1613143567,1613179649,Vancouver,2021-02-12 21:08:22
broken clouds,271.74,266.86,270.93,273.15,1021.0,31.0,2.06,1613143567,1613179649,Vancouver,2021-02-12 21:13:22
broken clouds,271.74,266.86,270.93,273.15,1021.0,31.0,2.06,1613143567,1613179649,Vancouver,2021-02-12 21:18:22
overcast clouds,272.21,267.83,270.93,273.71,1020.0,37.0,1.54,1613143567,1613179649,Vancouver,2021-02-12 21:23:22
overcast clouds,272.21,267.83,270.93,273.71,1020.0,37.0,1.54,1613143567,1613179649,Vancouver,2021-02-12 21:28:22
overcast clouds,272.09,267.7,271.15,273.15,1020.0,37.0,1.54,1613143567,1613179649,Vancouver,2021-02-12 21:33:23
overcast clouds,272.09,267.7,271.15,273.15,1020.0,37.0,1.54,1613143567,1613179649,Vancouver,2021-02-12 21:38:23
overcast clouds,272.45,268.08,271.15,273.71,1020.0,37.0,1.54,1613143567,1613179649,Vancouver,2021-02-12 21:43:23
overcast clouds,272.52,268.15,270.93,273.71,1020.0,37.0,1.54,1613143567,1613179649,Vancouver,2021-02-12 21:48:23
overcast clouds,272.52,268.15,270.93,273.71,1020.0,37.0,1.54,1613143567,1613179649,Vancouver,2021-02-12 21:53:23
overcast clouds,272.52,268.15,270.93,273.71,1020.0,37.0,1.54,1613143567,1613179649,Vancouver,2021-02-12 21:58:23
overcast clouds,272.52,268.15,271.15,273.71,1020.0,37.0,1.54,1613143567,1613179649,Vancouver,2021-02-12 22:03:23
overcast clouds,272.52,268.15,271.15,273.71,1020.0,37.0,1.54,1613143567,1613179649,Vancouver,2021-02-12 22:08:24
overcast clouds,272.52,268.15,271.15,274.26,1020.0,37.0,1.54,1613143567,1613179649,Vancouver,2021-02-12 22:13:24
overcast clouds,272.52,268.15,271.15,274.26,1020.0,37.0,1.54,1613143567,1613179649,Vancouver,2021-02-12 22:18:24
overcast clouds,272.52,268.15,271.15,274.26,1020.0,37.0,1.54,1613143567,1613179649,Vancouver,2021-02-12 22:23:24
overcast clouds,272.4,267.66,271.15,273.71,1020.0,37.0,2.06,1613143567,1613179649,Vancouver,2021-02-12 22:28:24
overcast clouds,272.4,267.66,271.15,273.71,1020.0,37.0,2.06,1613143567,1613179649,Vancouver,2021-02-12 22:33:24
overcast clouds,272.56,267.83,271.15,273.71,1020.0,37.0,2.06,1613143567,1613179649,Vancouver,2021-02-12 22:38:24
overcast clouds,272.56,267.83,271.15,273.71,1020.0,37.0,2.06,1613143567,1613179649,Vancouver,2021-02-12 22:43:25
overcast clouds,272.56,267.83,271.15,273.71,1020.0,37.0,2.06,1613143567,1613179649,Vancouver,2021-02-12 22:48:25
overcast clouds,272.56,267.83,271.15,273.71,1020.0,37.0,2.06,1613143567,1613179649,Vancouver,2021-02-12 22:53:25
overcast clouds,272.56,267.83,271.15,273.71,1020.0,37.0,2.06,1613143567,1613179649,Vancouver,2021-02-12 22:58:25
overcast clouds,272.55,267.82,271.15,273.71,1020.0,37.0,2.06,1613143567,1613179649,Vancouver,2021-02-12 23:03:26
overcast clouds,272.55,267.82,271.15,273.71,1020.0,37.0,2.06,1613143567,1613179649,Vancouver,2021-02-12 23:08:26
overcast clouds,272.55,267.82,271.15,273.71,1020.0,37.0,2.06,1613143567,1613179649,Vancouver,2021-02-12 23:13:26
overcast clouds,272.73,268.01,271.15,273.71,1020.0,37.0,2.06,1613143567,1613179649,Vancouver,2021-02-12 23:18:26
overcast clouds,272.73,268.01,271.15,273.71,1020.0,37.0,2.06,1613143567,1613179649,Vancouver,2021-02-12 23:23:27
overcast clouds,272.72,267.76,271.48,273.71,1019.0,43.0,2.57,1613143567,1613179649,Vancouver,2021-02-12 23:28:27
overcast clouds,272.72,267.76,271.48,273.71,1019.0,43.0,2.57,1613143567,1613179649,Vancouver,2021-02-12 23:33:27
overcast clouds,272.5,267.53,271.48,273.71,1019.0,43.0,2.57,1613143567,1613179649,Vancouver,2021-02-12 23:38:27
overcast clouds,272.5,267.53,271.48,273.71,1019.0,43.0,2.57,1613143567,1613179649,Vancouver,2021-02-12 23:43:27
overcast clouds,272.5,267.53,271.48,273.71,1019.0,43.0,2.57,1613143567,1613179649,Vancouver,2021-02-12 23:48:27
overcast clouds,272.54,267.57,271.48,273.71,1019.0,43.0,2.57,1613143567,1613179649,Vancouver,2021-02-12 23:53:27
overcast clouds,272.54,267.57,271.48,273.71,1019.0,43.0,2.57,1613143567,1613179649,Vancouver,2021-02-12 23:58:27
overcast clouds,272.55,267.58,271.48,273.71,1019.0,43.0,2.57,1613143567,1613179649,Vancouver,2021-02-13 00:03:27
overcast clouds,272.55,267.58,271.48,273.71,1019.0,43.0,2.57,1613143567,1613179649,Vancouver,2021-02-13 00:08:28
overcast clouds,272.55,267.88,271.48,273.71,1018.0,40.0,2.06,1613143567,1613179649,Vancouver,2021-02-13 00:13:28
overcast clouds,272.55,267.88,271.48,273.71,1018.0,40.0,2.06,1613143567,1613179649,Vancouver,2021-02-13 00:18:28
overcast clouds,272.55,267.88,271.48,273.71,1018.0,40.0,2.06,1613143567,1613179649,Vancouver,2021-02-13 00:23:28
overcast clouds,272.55,267.88,271.48,273.71,1018.0,40.0,2.06,1613143567,1613179649,Vancouver,2021-02-13 00:28:28
overcast clouds,272.55,267.88,271.48,273.71,1018.0,40.0,2.06,1613143567,1613179649,Vancouver,2021-02-13 00:33:29
overcast clouds,272.33,267.65,271.48,273.15,1018.0,40.0,2.06,1613143567,1613179649,Vancouver,2021-02-13 00:38:29
overcast clouds,272.33,267.65,271.48,273.15,1018.0,40.0,2.06,1613143567,1613179649,Vancouver,2021-02-13 00:43:29
overcast clouds,272.33,267.65,271.48,273.15,1018.0,40.0,2.06,1613143567,1613179649,Vancouver,2021-02-13 00:48:29
overcast clouds,272.35,267.67,271.48,273.15,1018.0,40.0,2.06,1613143567,1613179649,Vancouver,2021-02-13 00:53:30
overcast clouds,272.35,267.67,271.48,273.15,1018.0,40.0,2.06,1613143567,1613179649,Vancouver,2021-02-13 00:58:30
overcast clouds,272.35,267.67,271.48,273.15,1018.0,40.0,2.06,1613143567,1613179649,Vancouver,2021-02-13 01:03:30
overcast clouds,272.22,267.53,271.48,272.59,1018.0,40.0,2.06,1613143567,1613179649,Vancouver,2021-02-13 01:08:30
overcast clouds,272.22,267.53,271.48,272.59,1018.0,40.0,2.06,1613143567,1613179649,Vancouver,2021-02-13 01:13:30
overcast clouds,272.22,267.53,271.48,272.59,1018.0,40.0,2.06,1613143567,1613179649,Vancouver,2021-02-13 01:18:30
overcast clouds,272.23,267.54,271.48,272.59,1018.0,40.0,2.06,1613143567,1613179649,Vancouver,2021-02-13 01:23:30
overcast clouds,272.23,267.54,271.48,272.59,1018.0,40.0,2.06,1613143567,1613179649,Vancouver,2021-02-13 01:28:30
overcast clouds,271.78,268.19,270.93,272.59,1015.0,37.0,0.38,1613143567,1613179649,Vancouver,2021-02-13 02:31:21
overcast clouds,271.78,268.19,270.93,272.59,1015.0,37.0,0.38,1613143567,1613179649,Vancouver,2021-02-13 02:36:21
overcast clouds,272.13,266.93,270.93,273.15,1015.0,32.0,2.57,1613143567,1613179649,Vancouver,2021-02-13 02:41:21
overcast clouds,272.13,266.93,270.93,273.15,1015.0,32.0,2.57,1613143567,1613179649,Vancouver,2021-02-13 02:46:22
overcast clouds,271.8,267.78,270.93,272.59,1015.0,37.0,0.99,1613143567,1613179649,Vancouver,2021-02-13 02:51:22
overcast clouds,271.8,267.78,270.93,272.59,1015.0,37.0,0.99,1613143567,1613179649,Vancouver,2021-02-13 02:56:22
overcast clouds,272.17,266.97,270.93,273.15,1015.0,32.0,2.57,1613143567,1613179649,Vancouver,2021-02-13 03:01:22
overcast clouds,272.17,266.97,270.93,273.15,1015.0,32.0,2.57,1613143567,1613179649,Vancouver,2021-02-13 03:06:22
overcast clouds,272.17,266.97,270.93,273.15,1015.0,32.0,2.57,1613143567,1613179649,Vancouver,2021-02-13 03:11:22
overcast clouds,272.18,264.41,270.93,273.15,1014.0,29.0,6.17,1613143567,1613179649,Vancouver,2021-02-13 03:16:22
overcast clouds,272.18,264.41,270.93,273.15,1014.0,29.0,6.17,1613143567,1613179649,Vancouver,2021-02-13 03:21:23
overcast clouds,272.18,264.41,270.93,273.15,1014.0,29.0,6.17,1613143567,1613179649,Vancouver,2021-02-13 03:26:23
overcast clouds,272.17,264.39,270.93,273.15,1014.0,29.0,6.17,1613143567,1613179649,Vancouver,2021-02-13 03:31:23
overcast clouds,272.17,264.39,270.93,273.15,1014.0,29.0,6.17,1613143567,1613179649,Vancouver,2021-02-13 03:36:23
overcast clouds,272.17,264.39,270.93,273.15,1014.0,29.0,6.17,1613143567,1613179649,Vancouver,2021-02-13 03:41:23
overcast clouds,272.23,264.46,270.93,273.15,1014.0,29.0,6.17,1613143567,1613179649,Vancouver,2021-02-13 03:46:23
overcast clouds,272.23,264.46,270.93,273.15,1014.0,29.0,6.17,1613143567,1613179649,Vancouver,2021-02-13 03:51:24
overcast clouds,272.23,264.46,270.93,273.15,1014.0,29.0,6.17,1613143567,1613179649,Vancouver,2021-02-13 03:56:24
overcast clouds,272.23,264.46,270.93,273.15,1014.0,29.0,6.17,1613143567,1613179649,Vancouver,2021-02-13 04:01:24
overcast clouds,272.23,264.46,270.93,273.15,1014.0,29.0,6.17,1613143567,1613179649,Vancouver,2021-02-13 04:06:24
overcast clouds,272.29,264.52,270.93,273.15,1014.0,29.0,6.17,1613143567,1613179649,Vancouver,2021-02-13 04:11:25
overcast clouds,272.29,264.52,270.93,273.15,1014.0,29.0,6.17,1613143567,1613179649,Vancouver,2021-02-13 04:16:25
overcast clouds,272.26,264.18,270.93,273.15,1013.0,32.0,6.69,1613143567,1613179649,Vancouver,2021-02-13 04:21:25
overcast clouds,272.26,264.18,270.93,273.15,1013.0,32.0,6.69,1613143567,1613179649,Vancouver,2021-02-13 04:26:25
overcast clouds,272.26,264.18,270.93,273.15,1013.0,32.0,6.69,1613143567,1613179649,Vancouver,2021-02-13 04:31:25
overcast clouds,272.26,264.18,270.93,273.15,1013.0,32.0,6.69,1613143567,1613179649,Vancouver,2021-02-13 04:36:25
overcast clouds,272.26,264.18,270.93,273.15,1013.0,32.0,6.69,1613143567,1613179649,Vancouver,2021-02-13 04:41:25
overcast clouds,272.27,264.19,270.93,273.15,1013.0,32.0,6.69,1613143567,1613179649,Vancouver,2021-02-13 04:46:25
overcast clouds,272.27,264.19,270.93,273.15,1013.0,32.0,6.69,1613143567,1613179649,Vancouver,2021-02-13 04:51:26
overcast clouds,272.37,264.3,271.15,273.15,1013.0,32.0,6.69,1613143567,1613179649,Vancouver,2021-02-13 04:56:26
overcast clouds,272.37,264.3,271.15,273.15,1013.0,32.0,6.69,1613143567,1613179649,Vancouver,2021-02-13 05:01:26
overcast clouds,272.37,264.3,271.15,273.15,1013.0,32.0,6.69,1613143567,1613179649,Vancouver,2021-02-13 05:06:26
overcast clouds,272.37,264.3,271.15,273.15,1013.0,32.0,6.69,1613143567,1613179649,Vancouver,2021-02-13 05:11:26
overcast clouds,272.37,264.3,271.15,273.15,1013.0,32.0,6.69,1613143567,1613179649,Vancouver,2021-02-13 05:16:26
overcast clouds,272.49,265.86,271.15,273.15,1012.0,32.0,4.63,1613143567,1613179649,Vancouver,2021-02-13 05:21:26
overcast clouds,272.49,265.86,271.15,273.15,1012.0,32.0,4.63,1613143567,1613179649,Vancouver,2021-02-13 05:26:26
overcast clouds,272.37,265.74,271.15,273.15,1012.0,32.0,4.63,1613143567,1613179649,Vancouver,2021-02-13 05:31:26
overcast clouds,272.37,265.74,271.15,273.15,1012.0,32.0,4.63,1613143567,1613179649,Vancouver,2021-02-13 05:36:27
overcast clouds,272.44,265.81,271.15,273.15,1012.0,32.0,4.63,1613143567,1613179649,Vancouver,2021-02-13 05:41:27
overcast clouds,272.39,265.76,271.15,273.15,1012.0,32.0,4.63,1613143567,1613179649,Vancouver,2021-02-13 05:46:27
overcast clouds,272.39,265.76,271.15,273.15,1012.0,32.0,4.63,1613143567,1613179649,Vancouver,2021-02-13 05:51:27
overcast clouds,272.39,265.76,271.15,273.15,1012.0,32.0,4.63,1613143567,1613179649,Vancouver,2021-02-13 05:56:27
overcast clouds,272.43,265.8,271.15,273.15,1012.0,32.0,4.63,1613143567,1613179649,Vancouver,2021-02-13 06:01:27
overcast clouds,272.43,265.8,271.15,273.15,1012.0,32.0,4.63,1613143567,1613179649,Vancouver,2021-02-13 06:06:27
overcast clouds,272.43,265.8,271.15,273.15,1012.0,32.0,4.63,1613143567,1613179649,Vancouver,2021-02-13 06:11:27
overcast clouds,272.35,266.44,271.15,273.15,1011.0,32.0,3.6,1613143567,1613179649,Vancouver,2021-02-13 06:16:27
overcast clouds,272.35,266.44,271.15,273.15,1011.0,32.0,3.6,1613143567,1613179649,Vancouver,2021-02-13 06:21:27
overcast clouds,272.35,266.44,271.15,273.15,1011.0,32.0,3.6,1613143567,1613179649,Vancouver,2021-02-13 06:26:27
overcast clouds,272.35,266.44,271.15,273.15,1011.0,32.0,3.6,1613143567,1613179649,Vancouver,2021-02-13 06:31:28
overcast clouds,272.35,266.44,271.15,273.15,1011.0,32.0,3.6,1613143567,1613179649,Vancouver,2021-02-13 06:36:28
